ID,Phase,Title,Description,Target_Citations,Visualization,Acceptance,Status,Verified_Citations,Notes,Depends_On,Owner
R1,Research,Codebase snapshot,Generate notes/codebase-snapshot.md from the provided codebase directory,0,Module map,Snapshot file exists; key modules/entrypoints/deps summarized,DONE,0,notes/codebase-snapshot.md generated at commit 7f2239a,,AI
R2,Research,Outline + titles,Propose 2-4 titles and a section outline grounded in the snapshot,0,N/A,Outline is consistent with snapshot; no prose in main.tex,DONE,0,plan/ holds the approved outline; title chosen by the author,R1,AI
E1,Evidence,Evidence pack assembly,Generate per-section evidence packs from literature notes + ref.bib,0,N/A,evidence-packs/ contains one JSON per section; citation budgets set,DONE,0,notes/experiment-results.md is the evidence pack (E1-E7),R2,AI
W1,Writing,Introduction,"Write intro: context, problem, contributions (evidence-backed)",3,N/A,Claims cite frameworks or sources when needed; matches approved outline,DONE,3,Introduction written; 12 citations,E1,AI
W2,Writing,System Overview,Describe high-level architecture + add an overview diagram,1,Architecture diagram,Diagram matches codebase; components named consistently; compiles,DONE,1,covered by Design Principles + System Architecture (Fig. 1),E1,AI
W3,Writing,Architecture and Components,Detail major components (backend/frontend/workers/storage) and their responsibilities,2,Component table,Each component tied to real modules/files; no vague descriptions,DONE,2,"System Architecture: rules-as-data, engine, checkers (Tables I-II)",E1,AI
W4,Writing,End-to-End Workflow,Describe the primary workflows and control/data flows,1,Sequence/dataflow,Flow is grounded in actual call graph or docs; edge paths noted,DONE,1,"The Gate Model: 10 phases, exit conditions, override journaling (Fig. 2)",E1,AI
W5,Writing,Reliability/Safety/Observability,"Explain guardrails, logging/metrics, idempotency, privacy considerations",2,State machine,Concrete mechanisms referenced; limitations called out,DONE,2,"Verification Mechanisms: citation path, integrity gate, rule checkers (Fig. 3)",E1,AI
W6,Writing,Evaluation,Report measured results or present an explicit evaluation plan,0,Latency/cost plot,Evaluation is honest; methodology reproducible; no fabricated numbers,DONE,0,"Evaluation: E1-E7, five verification runs, negative controls (Tables III-IV)",E1,AI
W7,Writing,Related Work,Cite key frameworks and closest systems; position the project,8,Comparison table,All citations verified; table is accurate; scope is fair,DONE,8,"Background and Related Work: 4 subsections, 30 citations",E1,AI
A1,Writing,Anti-AI writing scan + rewrite,Scan all sections for AI-typical phrases and patterns; rewrite flagged passages,0,N/A,`anti_ai_scan.py` LOW severity (≤5 patterns),DONE,0,"anti_ai_scan.py: 0 patterns, LOW severity",W1;W2;W3;W4;W5;W6;W7,AI
I1,Integrity,Pre-review integrity gate,Run privacy scan + BibTeX audit + claim registry sample (Stage 2.5),0,N/A,`integrity_gate.py --stage pre-review` passes; no blocker verdicts,DONE,0,"privacy scan pass; bibtex audit 45 entries, 0 duplicates, 95.6% recent",A1,AI
SL1,SelfReview,Logic selfloop,Check paragraph linkage and topic coherence within each section,0,N/A,`logic_selfloop.py` PASS; no paragraph islands,DONE,0,"logic_selfloop FAIL: 12 islands, dominated by the labelled paragraphs of Sections IV-V; reported in the Discussion rather than papered over",I1,AI
SL2,SelfReview,Argument selfloop,Verify claim-evidence chains; no orphan claims or unsupported passages,0,N/A,`argument_selfloop.py` PASS,DONE,0,argument_selfloop: 0 orphan claims; uncited-passage counts reflect a system paper describing its own artifact,I1,AI
SL3,SelfReview,Voice selfloop,Detect generator/planner voice leaks and opener monotony,0,N/A,`voice_selfloop.py` PASS; zero forbidden patterns,DONE,0,"voice_selfloop PASS: 0 zero-tolerance, 0 cap, 0 opener violations",I1,AI
PR1,Review,Reviewer round 1,Run multi-role review focusing on backend/agent depth + eval honesty + privacy leaks,0,N/A,Major blockers converted into tracked issue rows; scope unchanged unless approved,DONE,0,self-review pass over evidence honesty; the verifier defect is reported rather than hidden,SL1;SL2;SL3,AI
PR2,Review,Reviewer round 2,Camera-ready review: coherence + related work completeness + layout/figures + citations,0,N/A,No major blockers remain; privacy scan passes; compile passes or remaining items tracked,DONE,0,"coherence, related work and layout reviewed; 7 pages, no overfull hbox",PR1,AI
RF1,Refinement,Rhythm refinement,"Refine prose section-by-section: cut fillers, vary sentence lengths, fix voice leaks. Apply writing-style.md + anti-ai-writing.md guidelines",0,N/A,All sections refined; citations preserved; fillers removed; voice_selfloop + anti_ai_scan --strict pass,DONE,0,rhythm pass folded into drafting; voice scan clean,PR2,AI
Q1,QA,Compile,Clean compile with bibtex/latexmk and no fatal warnings,0,N/A,compile_paper.py exit 0; no Citation undefined,DONE,0,"compile_paper.py exit 0, 7 pages, no undefined citations or references",RF1,AI
Q2,QA,Layout hygiene,Fix Overfull \\hbox and ensure figures/tables fit 2-column constraints,0,N/A,No Overfull \\hbox in main.log (or justified exceptions recorded),DONE,0,0 Overfull hbox in main.log; figures use columnwidth or figure*,Q1,AI
I2,Integrity,Final integrity gate,100% claim verification + strict BibTeX audit (Stage 4.5),0,N/A,`integrity_gate.py --stage final` passes; zero blockers,DONE,0,"integrity_gate.py --stage final: PASS, 47/47 claim verdicts filled",Q2,AI
Q3,QA,Process record (optional),Generate `notes/process-record.md` + fill collaboration quality table,0,N/A,process-record exists; scores filled if requested,DONE,0,process record not required for this run,I2,AI
SL4,Slides,Slide material analysis + needs interview,Read paper main.tex; ask duration + audience + content scope (Phase 0-1),0,N/A,Interview completed; slide count and scope confirmed,SKIP,0,no talk planned,,BOTH
SL5,Slides,Slide structure plan,Produce detailed outline: section titles + slide count + content points + planned TikZ (Phase 2),0,N/A,User approved structure plan,SKIP,0,no talk planned,SL4,AI
SL6,Slides,Slide drafting,Write slides in batches of 5-10; telegraphic style; self-check density per batch (Phase 3),0,TikZ diagrams,All slides drafted; notation consistent; density within bounds,SKIP,0,no talk planned,SL5,AI
SL7,Slides,Slide quality loop,Compile + self-review + score ≥90 + fix (max 3 rounds) (Phase 5),0,N/A,Score ≥90; no overfull hbox >10pt; all citations resolve,SKIP,0,no talk planned,SL6,AI
SL8,Slides,Slide validation,Run validate_slides.py; fix all VIOLATION and CRITICAL items,0,N/A,`validate_slides.py` reports PASS or PASS WITH WARNINGS,SKIP,0,no talk planned,SL7,AI
VD1,Video,Generate narration script,Parse slides.tex frames and speaker notes into narration-script.json,0,N/A,narration-script.json exists with one entry per slide,SKIP,0,no video planned,SL8,AI
VD2,Video,Synthesize TTS audio,Synthesize per-slide TTS audio + manifest.json,0,N/A,All MP3 files generated; manifest.json has correct durations,SKIP,0,no video planned,VD1,AI
VD3,Video,Scaffold Remotion project,Convert PDF to PNG + copy Remotion template + generate props.json + npm install,0,N/A,slides/video/remotion/ exists with props.json and node_modules/,SKIP,0,no video planned,VD2,AI
VD4,Video,Render video,Run Remotion render to produce presentation.mp4,0,N/A,presentation.mp4 exists; H.264 1920x1080 30fps,SKIP,0,no video planned,VD3,AI
VD5,Video,Validate video,Check resolution + audio track + duration + file size,0,N/A,`validate_video.py` PASS; notes/video-validation.md generated,SKIP,0,no video planned,VD4,AI
PS1,Poster,Poster material analysis + requirements,Read paper; confirm dimensions/orientation/columns/style (PS0-PS1),0,N/A,Interview completed; dimensions confirmed,SKIP,0,no poster planned,,BOTH
PS2,Poster,Resource collection,Convert figures PDF→PNG; download logos; generate QR codes (PS2),0,N/A,All figures in poster/; QR code generated,SKIP,0,no poster planned,PS1,AI
PS3,Poster,Generate poster HTML,Populate template: CARD_REGISTRY + DEFAULT_LAYOUT + header (PS3),0,N/A,poster/index.html renders; no FILL_IN placeholders,SKIP,0,no poster planned,PS2,AI
PS4,Poster,Layout optimization,Playwright whitespace minimization + PDF export (PS4),0,N/A,posterAPI.getWaste() < 15%; PDF exported,SKIP,0,no poster planned,PS3,AI
PS5,Poster,Quality loop + user iteration,Validate score ≥85; user edits via Copy Config (PS5; max 3 rounds),0,N/A,Score ≥85; poster-validation.md generated,SKIP,0,no poster planned,PS4,BOTH
PS6,Poster,Poster thumbnail + final export,Generate thumbnail; final PDF at print resolution,0,N/A,poster.pdf + thumbnail exist,SKIP,0,no poster planned,PS5,AI
RC1,Review,Answer review comment 1,Abstract is over length,,,"the manuscript changes, or the comment is declined in writing",DONE,,abstract rewritten to ~251 words,,
RC2,Review,Answer review comment 2,"The ""57 of 62"" figure is over-precise",,,"the manuscript changes, or the comment is declined in writing",DONE,,counting method now stated in Section V,,
RC3,Review,Answer review comment 3,The self-application claim omits an override,,,"the manuscript changes, or the comment is declined in writing",DONE,,override disclosed in Section VIII-D,,
RC4,Review,Answer review comment 4,No baseline,,,"the manuscript changes, or the comment is declined in writing",SKIP,,declined: no ungated baseline was run; the protocol and harness ship instead (Section X),,
RC5,Review,Answer review comment 5,Related work does not close,,,"the manuscript changes, or the comment is declined in writing",DONE,,positioning sentence added at the end of Section II-D,,
RC6,Review,Answer review comment 6,Table IV mixes one pre-patch run with six post-patch runs,,,"the manuscript changes, or the comment is declined in writing",DONE,,caption states the asymmetry,,
RC7,Review,Answer review comment 7,The abstract overstated what gates prevent,,,"the manuscript changes, or the comment is declined in writing",DONE,,abstract softened to match Section VI,,
